-- phpMyAdmin SQL Dump
-- version 4.7.7
-- https://www.phpmyadmin.net/
--
-- Host: 127.0.0.1
-- Generation Time: Jul 24, 2019 at 09:56 PM
-- Server version: 10.1.30-MariaDB
-- PHP Version: 7.2.2

SET SQL_MODE = "NO_AUTO_VALUE_ON_ZERO";
SET AUTOCOMMIT = 0;
START TRANSACTION;
SET time_zone = "+00:00";


/*!40101 SET @OLD_CHARACTER_SET_CLIENT=@@CHARACTER_SET_CLIENT */;
/*!40101 SET @OLD_CHARACTER_SET_RESULTS=@@CHARACTER_SET_RESULTS */;
/*!40101 SET @OLD_COLLATION_CONNECTION=@@COLLATION_CONNECTION */;
/*!40101 SET NAMES utf8mb4 */;

--
-- Database: `sih2019`
--

-- --------------------------------------------------------

--
-- Table structure for table `admindata`
--

CREATE TABLE `admindata` (
  `admin_firstname` varchar(30) DEFAULT NULL,
  `admin_lastname` varchar(30) DEFAULT NULL,
  `admin_email` varchar(30) DEFAULT NULL,
  `admin_mobile` int(10) DEFAULT NULL,
  `admin_uid` varchar(10) DEFAULT NULL,
  `admin_pwd` varchar(10) DEFAULT NULL
) ENGINE=InnoDB DEFAULT CHARSET=latin1;

--
-- Dumping data for table `admindata`
--

INSERT INTO `admindata` (`admin_firstname`, `admin_lastname`, `admin_email`, `admin_mobile`, `admin_uid`, `admin_pwd`) VALUES
('abc', 'abc', 'abc@abc.abc', 123, 'abc', 'abc'),
('a', 'a', 'aa', 2, 'cybercz', '12345'),
('a', 'a', 'a', 0, 'cybercz', '12345'),
('a', 'a', 'a', 0, 'cybercz', '12345'),
('a', 'a', 'a', 0, 'cybercz', '12345'),
('mayur', 'rahangdale', 'cyberczphone@gmail.com', 2147483647, 'cybercz', '12345'),
('akash', 'timande', 'a@gmail.com', 11111111, 'a2904', '12345'),
('mayur', 'rahangdale', 'cyberczphone@gmail.com', 2147483647, 'admin1', '1234'),
('mayur', 'rahangdale', 'cyberczphone@gmail.com', 2147483647, 'mayurcyber', '12345');

-- --------------------------------------------------------

--
-- Table structure for table `driver_details`
--

CREATE TABLE `driver_details` (
  `driver_id` varchar(30) DEFAULT NULL,
  `firstname` varchar(30) DEFAULT NULL,
  `lastname` varchar(30) DEFAULT NULL,
  `license_plate` varchar(10) DEFAULT NULL,
  `van_capacity` int(11) DEFAULT NULL,
  `driver_rating` int(11) DEFAULT NULL
) ENGINE=InnoDB DEFAULT CHARSET=latin1;

-- --------------------------------------------------------

--
-- Table structure for table `dustbins`
--

CREATE TABLE `dustbins` (
  `dustbin_id` int(11) DEFAULT NULL,
  `dustbin_size` int(11) DEFAULT NULL,
  `dustbin_type` varchar(30) DEFAULT NULL,
  `dustbin_condition` int(11) DEFAULT NULL,
  `pastorderno` int(11) DEFAULT NULL,
  `currentorderno` int(11) DEFAULT NULL,
  `inuse` tinyint(1) DEFAULT NULL
) ENGINE=InnoDB DEFAULT CHARSET=latin1;

--
-- Dumping data for table `dustbins`
--

INSERT INTO `dustbins` (`dustbin_id`, `dustbin_size`, `dustbin_type`, `dustbin_condition`, `pastorderno`, `currentorderno`, `inuse`) VALUES
(30, 100, 'plastic', 5, 110, 120, 1),
(31, 100, 'paper', 4, 111, 121, 1),
(32, 100, 'plastic', 4, 120, 123, 1),
(33, 100, 'paper', 4, 117, 127, 1);

-- --------------------------------------------------------

--
-- Table structure for table `dustbin_location`
--

CREATE TABLE `dustbin_location` (
  `sr` int(11) NOT NULL,
  `lat` float(10,6) DEFAULT NULL,
  `lng` float(10,6) DEFAULT NULL,
  `ward` varchar(10) DEFAULT NULL
) ENGINE=InnoDB DEFAULT CHARSET=latin1;

--
-- Dumping data for table `dustbin_location`
--

INSERT INTO `dustbin_location` (`sr`, `lat`, `lng`, `ward`) VALUES
(1, 18.968983, 72.832802, 'A'),
(2, 18.970171, 72.834282, 'A'),
(3, 18.967632, 72.837128, 'A'),
(4, 18.965191, 72.835953, 'A'),
(5, 18.962105, 72.832626, 'B'),
(6, 18.961903, 72.836723, 'B'),
(7, 18.962521, 72.837227, 'B'),
(8, 18.965418, 72.818893, 'B'),
(9, 19.173470, 72.878036, 'C'),
(10, 19.172112, 72.874107, 'C'),
(11, 19.173897, 72.878067, 'C'),
(12, 19.178078, 72.882347, 'C'),
(13, 18.976383, 72.810013, 'D'),
(14, 18.975695, 72.807053, 'D'),
(15, 18.976322, 72.814133, 'D'),
(16, 18.961895, 72.821365, 'D'),
(17, 18.978626, 72.827019, 'E'),
(18, 18.975250, 72.828522, 'E'),
(19, 18.977175, 72.831123, 'E'),
(20, 18.977177, 72.831123, 'E'),
(21, 19.029804, 72.854691, 'F North'),
(22, 19.029461, 72.856529, 'F North'),
(23, 19.029905, 72.853035, 'F North'),
(24, 19.030560, 72.856369, 'F North'),
(25, 19.006176, 72.839706, 'F South'),
(26, 19.004351, 72.843040, 'F South'),
(27, 19.007961, 72.845688, 'F South'),
(28, 19.000534, 72.831161, 'F South'),
(29, 19.023489, 72.843483, 'G North'),
(30, 19.022396, 72.850334, 'G North'),
(31, 19.023489, 72.843491, 'G North'),
(32, 19.023491, 72.843483, 'G North'),
(33, 19.008669, 72.830406, 'G South'),
(34, 19.006245, 72.827103, 'G South'),
(35, 19.010830, 72.825912, 'G South'),
(36, 19.007425, 72.823540, 'G South'),
(37, 19.090349, 72.846558, 'H East'),
(38, 19.090401, 72.846558, 'H East'),
(39, 19.091057, 72.841347, 'H East'),
(40, 19.090380, 72.846558, 'H East'),
(41, 19.065357, 72.836922, 'H West'),
(42, 19.065626, 72.834145, 'H West'),
(43, 19.065348, 72.841743, 'H West'),
(44, 19.060455, 72.839813, 'H West'),
(45, 19.153681, 72.852013, 'K East'),
(46, 19.155319, 72.855110, 'K East'),
(47, 19.154764, 72.847946, 'K East'),
(48, 19.146919, 72.845314, 'K East'),
(49, 19.166971, 72.847549, 'K West'),
(50, 19.169107, 72.845207, 'K West'),
(51, 19.169168, 72.851234, 'K West'),
(52, 19.167730, 72.843620, 'K West'),
(53, 19.188049, 72.842308, 'P North'),
(54, 19.190111, 72.843307, 'P North'),
(55, 19.189228, 72.838371, 'P North'),
(56, 19.187487, 72.838272, 'P North'),
(57, 19.162903, 72.846504, 'P South'),
(58, 19.163296, 72.844940, 'P South'),
(59, 19.162910, 72.846504, 'P South'),
(60, 19.165089, 72.843307, 'P South'),
(61, 19.070681, 72.879051, 'L'),
(62, 19.070028, 72.875351, 'L'),
(63, 19.073112, 72.880287, 'L'),
(64, 19.075359, 72.876945, 'L'),
(65, 19.056925, 72.920654, 'M East'),
(66, 19.061401, 72.899399, 'M West'),
(67, 19.084347, 72.906464, 'N'),
(68, 19.153080, 72.930542, 'S'),
(69, 19.176001, 72.950966, 'T'),
(70, 19.876165, 75.343315, 'B'),
(71, 19.876165, 75.343315, 'C');

-- --------------------------------------------------------

--
-- Table structure for table `factory`
--

CREATE TABLE `factory` (
  `name` varchar(100) DEFAULT NULL,
  `lat` float(10,6) DEFAULT NULL,
  `lng` float(10,6) DEFAULT NULL,
  `materials` varchar(300) DEFAULT NULL
) ENGINE=InnoDB DEFAULT CHARSET=latin1;

--
-- Dumping data for table `factory`
--

INSERT INTO `factory` (`name`, `lat`, `lng`, `materials`) VALUES
('Recology', 18.918200, 72.830238, 'paper;plastic'),
('Jayandar Plastic Factory', 18.990362, 72.813385, 'plastic'),
('Brand Factory', 18.965456, 72.818748, 'paper'),
('Sico Recycling Factory', 18.955000, 72.830292, 'plastic'),
('Shakti', 19.075039, 72.868660, 'paper;plastic'),
('Lakshmi', 19.059986, 72.835335, 'paper'),
('Bhuwalka', 19.143402, 72.842812, 'paper'),
('K C ', 19.116056, 72.894508, 'plastic'),
('Sunawalla', 19.227999, 72.860703, 'paper;plastic');

-- --------------------------------------------------------

--
-- Table structure for table `futuredustbin_location`
--

CREATE TABLE `futuredustbin_location` (
  `sr` int(11) NOT NULL,
  `lat` float(10,6) DEFAULT NULL,
  `lng` float(10,6) DEFAULT NULL,
  `ward` varchar(10) DEFAULT NULL
) ENGINE=InnoDB DEFAULT CHARSET=latin1;

--
-- Dumping data for table `futuredustbin_location`
--

INSERT INTO `futuredustbin_location` (`sr`, `lat`, `lng`, `ward`) VALUES
(1, 19.069044, 72.897026, 'A'),
(2, 18.989388, 72.813995, 'B'),
(3, 19.001245, 72.856865, 'C'),
(4, 18.971205, 72.823143, 'D'),
(5, 18.964836, 72.807175, 'E'),
(6, 18.948168, 72.794662, 'G North'),
(7, 18.952955, 72.802528, 'G South'),
(8, 19.188112, 72.864304, 'H East'),
(9, 19.182640, 72.842567, 'H West'),
(10, 19.176529, 72.838692, 'K East'),
(11, 19.125120, 72.948738, 'K West'),
(12, 19.199408, 72.855194, 'P North'),
(13, 19.109419, 72.875130, 'P South'),
(14, 19.143759, 72.819901, 'L'),
(15, 19.130705, 72.936218, 'N');

-- --------------------------------------------------------

--
-- Table structure for table `landfill`
--

CREATE TABLE `landfill` (
  `sr` int(11) NOT NULL,
  `lat` float(10,6) DEFAULT NULL,
  `lng` float(10,6) DEFAULT NULL
) ENGINE=InnoDB DEFAULT CHARSET=latin1;

--
-- Dumping data for table `landfill`
--

INSERT INTO `landfill` (`sr`, `lat`, `lng`) VALUES
(1, 19.901573, 75.357880),
(2, 19.844143, 75.234779),
(3, 19.868757, 75.350311),
(4, 19.866594, 75.342873),
(5, 19.876165, 75.343315),
(6, 19.866497, 75.328102),
(7, 19.864561, 75.351570),
(8, 19.864595, 75.335754),
(9, 19.867876, 75.317146),
(10, 19.868271, 75.323860),
(11, 19.858831, 75.342812),
(12, 19.867781, 75.364471),
(13, 19.879519, 75.355301),
(14, 19.861389, 75.321861),
(15, 19.849846, 75.364403),
(16, 19.871319, 75.346687),
(17, 19.866497, 75.328102),
(18, 19.876165, 75.343315),
(19, 19.850540, 75.360497),
(20, 19.880589, 75.314255),
(21, 19.873207, 75.328621),
(22, 19.853098, 75.301315),
(23, 19.882603, 75.330406),
(24, 19.866251, 75.390404),
(25, 19.886307, 75.330299),
(26, 19.870621, 75.342674),
(27, 19.868271, 75.323860),
(28, 19.861563, 75.322235),
(29, 19.878172, 75.320084),
(30, 19.871046, 75.327400),
(31, 19.868515, 75.352516),
(32, 19.885498, 75.331169),
(33, 19.879519, 75.355301),
(34, 19.876463, 75.344696),
(35, 19.858644, 75.355797),
(36, 19.866617, 75.323837),
(37, 19.864595, 75.335754),
(38, 19.866497, 75.328102),
(39, 19.866617, 75.323837),
(40, 19.864595, 75.335754),
(41, 19.867332, 75.321373),
(42, 19.883459, 75.357246),
(43, 19.854883, 75.326866),
(44, 19.858042, 75.309509),
(45, 19.878584, 75.367393),
(46, 19.885433, 75.320084),
(47, 19.866049, 75.325516),
(48, 19.861662, 75.339760),
(49, 19.862057, 75.337959),
(50, 19.884127, 75.356522),
(51, 19.900120, 75.354515),
(52, 19.844143, 75.234779),
(53, 19.909216, 75.355064),
(54, 19.870787, 75.318626),
(55, 19.870909, 75.320084),
(56, 19.866497, 75.328102),
(57, 19.852219, 75.209984),
(58, 19.860949, 75.346809),
(59, 19.882893, 75.321175),
(60, 19.868271, 75.323860),
(61, 19.841213, 75.355797),
(62, 19.861563, 75.322235),
(63, 19.864595, 75.335754),
(64, 19.849846, 75.364403),
(65, 19.863804, 75.351860),
(66, 19.862335, 75.356522),
(67, 19.901573, 75.357880),
(68, 19.861103, 75.338028),
(69, 19.866617, 75.323837),
(70, 19.866617, 75.323837),
(71, 19.868271, 75.323860),
(72, 19.866182, 75.325195),
(73, 19.878172, 75.320084),
(74, 19.632650, 75.028625),
(75, 19.867693, 75.307693),
(76, 19.870516, 75.326080),
(77, 19.866617, 75.323837),
(78, 19.870098, 75.325989),
(79, 12.970343, 77.700645),
(80, 19.859789, 75.311378),
(81, 19.863117, 75.363663),
(82, 19.862513, 75.329582),
(83, 19.861389, 75.321861),
(84, 28.586220, 77.154114),
(85, 19.894390, 75.328377),
(86, 19.864359, 75.343872),
(87, 19.861662, 75.339760),
(88, 19.901573, 75.357880),
(89, 19.866497, 75.328102),
(90, 19.858376, 75.327026),
(91, 19.844143, 75.234779),
(92, 19.861389, 75.321861),
(93, 19.872417, 75.315346),
(94, 20.011351, 74.569946),
(95, 19.873825, 75.337570),
(96, 19.863144, 75.343414),
(97, 19.894205, 75.330498),
(98, 19.878584, 75.367393),
(99, 19.866497, 75.328102),
(100, 19.859619, 75.341980),
(101, 19.859619, 75.341980),
(102, 19.895699, 75.391479),
(103, 19.886534, 75.333199),
(104, 19.866497, 75.328102),
(105, 19.869125, 75.385666),
(106, 19.861103, 75.338028),
(107, 19.872122, 75.323250),
(108, 19.868271, 75.323860),
(109, 19.878172, 75.320084),
(110, 19.879742, 75.330994),
(111, 19.887945, 75.345055),
(112, 19.876463, 75.344696),
(113, 19.866497, 75.328102),
(114, 19.861389, 75.321861),
(115, 19.878172, 75.320084),
(116, 19.876165, 75.343315),
(117, 19.876165, 75.343315),
(118, 19.887447, 75.320267),
(119, 19.876165, 75.343315),
(120, 19.882318, 75.321907),
(121, 19.876165, 75.343315),
(122, 19.876165, 75.343315),
(123, 19.861389, 75.321861),
(124, 19.847086, 75.269783),
(125, 19.863485, 75.320320),
(126, 19.911577, 75.359070),
(127, 19.885433, 75.320084),
(128, 19.847086, 75.269783),
(129, 19.847277, 75.270317),
(130, 19.866617, 75.323837),
(131, 19.910973, 75.315277),
(132, 18.852682, 76.524719),
(133, 19.876165, 75.343315),
(134, 19.839146, 75.249596),
(135, 19.869753, 75.348030),
(136, 19.906378, 75.346558),
(137, 19.865971, 75.325302),
(138, 20.419800, 77.381248),
(139, 19.925682, 74.728477),
(140, 19.847363, 75.338409),
(141, 19.910973, 75.315277),
(142, 19.874689, 75.317528),
(143, 19.868784, 75.367355),
(144, 19.859619, 75.341980),
(145, 19.863930, 75.359390),
(146, 19.871817, 75.320572),
(147, 19.894201, 75.351059),
(148, 19.878172, 75.320084),
(149, 19.859259, 75.346405),
(150, 19.873104, 75.346321),
(151, 19.903215, 75.346909),
(152, 20.088942, 76.180923),
(153, 28.704060, 77.102493),
(154, 19.863037, 75.312790),
(155, 19.866497, 75.328102),
(156, 19.867096, 75.328217),
(157, 19.166784, 73.236794),
(158, 20.458265, 77.507477),
(159, 18.404484, 75.195396),
(160, 19.865311, 75.350830),
(161, 19.861839, 75.333199),
(162, 21.321690, 79.936058),
(163, 19.111803, 77.291832),
(164, 19.863972, 75.396049),
(165, 19.866617, 75.323837),
(166, 19.866383, 75.332573),
(167, 19.900892, 75.357246),
(168, 19.844143, 75.234779),
(169, 19.866497, 75.328102),
(170, 19.863628, 75.342354),
(171, 19.894348, 75.330460),
(172, 19.858644, 75.355797),
(173, 19.904221, 75.353607),
(174, 19.868271, 75.323860),
(175, 19.866497, 75.328102),
(176, 19.866497, 75.328102),
(177, 19.900120, 75.354515),
(178, 19.842245, 75.350906),
(179, 19.863037, 75.312790),
(180, 19.910118, 75.350327),
(181, 19.854130, 75.354706),
(182, 19.903601, 75.357071),
(183, 19.901573, 75.357880),
(184, 21.283535, 80.187508),
(185, 19.527880, 74.965034),
(186, 19.867096, 75.328217),
(187, 19.876165, 75.343315),
(188, 19.902796, 75.310608),
(189, 19.858644, 75.355797),
(190, 19.884714, 75.328827),
(191, 19.886395, 75.328468),
(192, 19.899317, 75.353874),
(193, 19.876165, 75.343315),
(194, 19.847759, 75.347374),
(195, 19.894390, 75.328377),
(196, 19.866617, 75.323837),
(197, 19.107288, 72.902611),
(198, 26.489750, 74.551086),
(199, 19.862104, 75.338768),
(200, 19.861563, 75.322235),
(201, 20.087002, 75.419136),
(202, 19.861389, 75.321861),
(203, 19.863197, 75.323097),
(204, 19.861172, 75.345566),
(205, 13.628756, 79.419182),
(206, 19.842039, 75.246933),
(207, 19.866497, 75.328102),
(208, 19.861389, 75.321861),
(209, 19.869368, 75.367058),
(210, 19.866497, 75.328102),
(211, 19.876165, 75.343315),
(212, 19.866617, 75.323837),
(213, 19.901468, 75.263489),
(214, 19.902523, 75.342255),
(215, 19.867523, 75.318855),
(216, 19.891287, 75.337013),
(217, 19.866617, 75.323837),
(218, 19.866009, 75.373016),
(219, 19.900892, 75.357246),
(220, 19.859619, 75.341980),
(221, 36.973255, -121.568558),
(222, 19.869125, 75.385666),
(223, 19.883995, 75.318077),
(224, 19.844143, 75.234779),
(225, 19.911577, 75.359070),
(226, 19.877472, 75.363808),
(227, 19.844143, 75.234779),
(228, 19.871319, 75.346687),
(229, 19.860764, 75.333359),
(230, 19.866617, 75.323837),
(231, 19.868271, 75.323860),
(232, 19.870621, 75.342674),
(233, 19.866497, 75.328102),
(234, 19.894709, 75.168266),
(235, 19.868841, 75.607414),
(236, 19.878134, 75.364677),
(237, 19.866911, 75.335205),
(238, 19.866497, 75.328102),
(239, 19.849335, 75.232468),
(240, 19.864595, 75.335754),
(241, 19.877472, 75.363808),
(242, 19.862104, 75.338768),
(243, 19.900120, 75.354515),
(244, 19.857574, 75.333115),
(245, 19.868271, 75.323860),
(246, 19.876165, 75.343315),
(247, 20.388794, 78.120407),
(248, 19.880690, 75.328461),
(249, 19.861103, 75.338028),
(250, 19.861103, 75.338028),
(251, 19.861103, 75.338028),
(252, 19.866497, 75.328102),
(253, 19.859619, 75.341980),
(254, 19.863091, 75.319115),
(255, 19.872408, 75.322754),
(256, 19.873362, 75.368523),
(257, 19.894390, 75.328377),
(258, 19.868271, 75.323860),
(259, 19.882040, 75.361984),
(260, 19.854954, 75.355919),
(261, 19.866497, 75.328102),
(262, 19.894348, 75.330460),
(263, 19.866617, 75.323837),
(264, 19.866720, 75.323669),
(265, 19.866617, 75.323837),
(266, 19.876165, 75.343315),
(267, 19.864595, 75.335754),
(268, 19.861103, 75.338028),
(269, 19.859400, 75.304047),
(270, 19.881170, 75.382027),
(271, 19.865549, 75.346718),
(272, 19.870392, 75.365959),
(273, 19.887186, 75.362717),
(274, 19.876165, 75.343315),
(275, 19.869312, 75.329071),
(276, 19.862104, 75.338768),
(277, 19.862104, 75.338768),
(278, 19.862104, 75.338768),
(279, 19.876165, 75.343315);

-- --------------------------------------------------------

--
-- Table structure for table `midadmindata`
--

CREATE TABLE `midadmindata` (
  `admin_firstname` varchar(20) DEFAULT NULL,
  `admin_lastname` varchar(20) DEFAULT NULL,
  `admin_email` varchar(40) DEFAULT NULL,
  `admin_mobile` int(11) DEFAULT NULL,
  `admin_uid` varchar(20) DEFAULT NULL,
  `admin_pwd` varchar(20) DEFAULT NULL
) ENGINE=InnoDB DEFAULT CHARSET=latin1;

--
-- Dumping data for table `midadmindata`
--

INSERT INTO `midadmindata` (`admin_firstname`, `admin_lastname`, `admin_email`, `admin_mobile`, `admin_uid`, `admin_pwd`) VALUES
('mayur', 'rahangdale', 'cyberczphone@gmail.com', 2147483647, 'mayurcybercz', '12345'),
('mayur', 'rahangdale', 'cyberczphone@gmail.com', 2147483647, 'mayurcybercz', '12345');

-- --------------------------------------------------------

--
-- Table structure for table `order_details`
--

CREATE TABLE `order_details` (
  `orderno` int(11) NOT NULL,
  `orderdate` timestamp NOT NULL DEFAULT CURRENT_TIMESTAMP ON UPDATE CURRENT_TIMESTAMP,
  `user_uid` varchar(30) DEFAULT NULL,
  `deliverydate` date DEFAULT NULL,
  `collectdate` date DEFAULT NULL,
  `typeofbin` varchar(30) DEFAULT NULL,
  `sizeofbin` int(11) DEFAULT NULL,
  `noofbin` int(11) DEFAULT NULL,
  `garbageamount` int(11) DEFAULT NULL,
  `orderstatus` varchar(30) DEFAULT NULL,
  `returnamount` int(11) DEFAULT NULL,
  `lat` float(10,6) DEFAULT NULL,
  `lng` float(10,6) DEFAULT NULL
) ENGINE=InnoDB DEFAULT CHARSET=latin1;

--
-- Dumping data for table `order_details`
--

INSERT INTO `order_details` (`orderno`, `orderdate`, `user_uid`, `deliverydate`, `collectdate`, `typeofbin`, `sizeofbin`, `noofbin`, `garbageamount`, `orderstatus`, `returnamount`, `lat`, `lng`) VALUES
(101, '2019-02-19 10:01:44', 'akash', '2019-02-02', '0000-00-00', 'plastic', 1, 2, 0, 'pending', 0, 19.029556, 72.861023),
(102, '2019-02-19 10:01:44', 'gauri', '2019-03-02', '0000-00-00', 'paper', 2, 1, 0, 'pending', 0, 19.049610, 72.920380),
(103, '2019-02-19 10:01:44', 'mayur', '2019-04-02', '0000-00-00', 'plastic', 1, 1, 0, 'pending', 0, 19.011509, 72.823441),
(104, '2019-02-19 10:01:44', 'rushikesh', '2019-05-02', '2019-06-02', 'paper', 1, 2, 75, 'success', 75, 19.038824, 72.845406),
(105, '2019-02-19 10:01:44', 'gauri', '2019-06-02', '2019-07-02', 'paper', 1, 3, 300, 'success', 300, 19.114664, 72.882187),
(106, '2019-02-19 10:01:44', 'rushikesh', '2019-07-02', '2019-07-02', 'plastic', 1, 2, 75, 'success', 75, 19.092281, 72.840309),
(107, '2019-02-19 10:01:44', 'akash', '2019-08-02', '2019-08-02', 'paper', 1, 3, 300, 'success', 300, 19.116598, 72.835930),
(108, '2019-02-19 10:01:44', 'purva', '2019-09-02', '2019-09-02', 'paper', 2, 2, 400, 'success', 400, 19.035610, 72.846870),
(109, '2019-02-19 10:01:44', 'purva', '2019-09-02', '2019-10-02', 'plastic', 1, 3, 300, 'success', 300, 19.035610, 72.846870),
(110, '2019-02-19 10:01:44', 'karmanaya', '2019-09-02', '2019-11-02', 'plastic', 2, 2, 400, 'success', 400, 19.028999, 72.836006),
(111, '2019-03-01 12:05:41', 'mayurcybercz', '2019-02-20', '2019-03-07', 'plastic', 100, 1, 0, 'pending', 0, 19.868271, 75.323860),
(112, '2019-02-18 18:30:00', 'mayurcybercz', '2019-02-20', NULL, 'plastic', 100, 1, 0, 'pending', 0, 19.868271, 75.323860),
(113, '2019-02-25 16:42:54', 'mayurcybercz', '2019-02-28', '1111-02-02', 'plastic', 100, 8, 0, 'pending', 0, 19.868271, 75.323860),
(114, '2019-02-18 18:30:00', 'rushikeshjachak', '2019-02-20', NULL, 'plastic', 100, 2, 0, 'pending', 0, 19.868271, 75.323860),
(115, '2019-02-18 18:30:00', 'jachakrushikesh', '2019-02-20', NULL, 'plastic', 100, 5, 0, 'pending', 0, 19.868271, 75.323860),
(116, '2019-02-18 18:30:00', 'jachakrushikesh', '2019-02-20', NULL, 'plastic', 100, 5, 0, 'pending', 0, 19.868271, 75.323860),
(117, '2019-02-18 18:30:00', 'be16f05f038', '2019-02-22', NULL, 'plastic', 100, 5, 0, 'pending', 0, 19.868271, 75.323860),
(118, '2019-02-18 18:30:00', 'be16f05f038', '2019-02-22', NULL, 'plastic', 100, 5, 0, 'pending', 0, 19.868271, 75.323860),
(119, '2019-02-25 16:58:31', 'ordertest', '2019-02-28', '0000-00-00', 'plastic', 100, 5, 0, 'pending', 0, 19.868271, 75.323860),
(120, '2019-02-18 18:30:00', 'tester01', '2019-02-22', NULL, 'plastic', 100, 5, 0, 'pending', 0, 19.868271, 75.323860),
(121, '2019-02-18 18:30:00', 'rewq', '2019-02-23', NULL, 'plastic', 100, 5, 0, 'pending', 0, 19.868271, 75.323860),
(122, '2019-02-18 18:30:00', 'mayurcybercz', '2019-02-23', NULL, 'plastic', 100, 50, 0, 'pending', 0, 19.868271, 75.323860),
(123, '2019-02-02 05:52:33', 'tejya', '2019-03-03', '2019-04-04', 'plastic', 100, 1, 0, 'pending', 0, 19.868271, 75.323860),
(124, '2019-02-19 05:53:11', 'f', '2019-03-02', NULL, 'plastic', 100, 1, 0, 'pending', 0, 19.868271, 75.323860),
(125, '2019-02-19 05:54:38', 'f', '2019-03-02', NULL, 'plastic', 100, 1, 0, 'pending', 0, 19.868271, 75.323860),
(126, '2019-03-01 11:26:11', 'mayurcybercz', '0000-00-00', '2019-03-01', 'paper', 100, 5, 0, 'pending', 0, 19.868271, 75.323860),
(127, '2019-02-19 21:07:18', 'mayurcybercz', '0000-00-00', NULL, 'paper', 200, 7, 0, 'pending', 0, 19.868271, 75.323860),
(128, '2019-02-26 08:05:00', 'tejya', '1111-11-11', '2019-03-01', 'paper', 100, 4, 0, 'pending', 0, 19.876165, 75.343315),
(129, '2019-02-19 10:01:44', 'asas', '2019-09-09', '2019-09-09', 'plastic', 1, 2, 6, 'pending', 0, 12.878700, 13.876500),
(130, '2019-02-26 03:59:58', 'wdacs', '1998-02-02', NULL, 'plastic', 100, 6, 0, 'pending', 0, 19.876165, 75.343315),
(131, '2019-02-28 19:37:36', 'mayurcybercz', '2019-03-02', NULL, 'plastic', 100, 2, 0, 'pending', 0, 19.876165, 75.343315),
(132, '2019-02-28 21:32:20', 'superuser', '2019-03-09', NULL, 'plastic', 200, 22, 0, 'pending', 0, 19.876165, 75.343315),
(133, '2019-02-28 21:34:47', 'mayurcybercz', '2019-03-07', NULL, 'plastic', 100, 98, 0, 'pending', 0, 19.876165, 75.343315),
(134, '2019-03-02 03:58:24', 'mayurcybercz', '2019-03-02', '2019-03-05', 'plastic', 100, 5, 0, 'pending', 0, 19.876165, 75.343315),
(135, '2019-03-02 03:39:26', 'mayurcybercz', '2019-03-02', NULL, 'paper', 100, 2, 0, 'pending', 0, 19.876165, 75.343315),
(136, '2019-03-01 22:42:04', 'mayurcybercz', '2019-03-05', NULL, 'plastic', 100, 2, 0, 'pending', 0, 19.876165, 75.343315),
(137, '2019-03-02 02:26:12', 'mayurcybercz', '2019-03-05', NULL, 'plastic', 100, 5, 0, 'pending', 0, 19.876165, 75.343315),
(138, '2019-03-02 02:27:02', 'superuser', '2019-03-14', NULL, 'plastic', 100, 6, 0, 'pending', 0, 19.868271, 75.323860),
(139, '2019-03-02 02:27:39', 'mayurcybercz', '2019-03-04', NULL, 'paper', 100, 2, 0, 'pending', 0, 19.876165, 75.343315),
(140, '2019-03-02 02:28:56', 'mayurcybercz', '2019-03-05', NULL, 'plastic', 100, 6, 0, 'pending', 0, 19.876165, 75.343315),
(141, '2019-03-02 19:15:02', 'mayurcybercz', '2019-03-29', '2019-03-28', 'plastic', 100, 8, 0, 'pending', 0, 19.876165, 75.343315),
(142, '2019-03-02 02:31:48', 'mayurcybercz', '2019-03-19', NULL, 'plastic', 100, 8, 0, 'pending', 0, 19.876165, 75.343315),
(143, '2019-03-02 02:35:01', 'mayurcybercz', '2019-03-27', NULL, 'paper', 100, 8, 0, 'pending', 0, 19.876165, 75.343315),
(144, '2019-03-02 02:35:24', 'mayurcybercz', '2019-03-29', NULL, 'plastic', 100, 5, 0, 'pending', 0, 19.876165, 75.343315),
(145, '2019-03-02 02:36:40', 'mayurcybercz', '2019-03-07', NULL, 'plastic', 100, 2, 0, 'pending', 0, 19.876165, 75.343315),
(146, '2019-03-02 02:37:31', 'mayurcybercz', '2019-03-15', NULL, 'plastic', 100, 10, 0, 'pending', 0, 19.868271, 75.323860),
(147, '2019-03-02 21:14:04', 'mayurcybercz', '2019-03-06', '2019-03-05', 'plastic', 100, 5, 0, 'pending', 0, 19.876165, 75.343315),
(148, '2019-03-02 19:15:21', 'mayurcybercz', '2019-03-20', '2019-03-28', 'plastic', 100, 2, 0, 'pending', 0, 19.876165, 75.343315),
(149, '2019-03-02 22:20:15', 'mayurcybercz', '2019-03-04', NULL, 'paper', 100, 2, 0, 'pending', 0, 19.876165, 75.343315),
(150, '2019-03-02 22:21:01', 'mayurcybercz', '2019-03-04', NULL, 'plastic', 100, 5, 0, 'pending', 0, 19.876165, 75.343315),
(151, '2019-03-02 22:21:50', 'mayurcybercz', '2019-03-04', NULL, 'plastic', 100, 6, 0, 'pending', 0, 19.876165, 75.343315),
(152, '2019-03-02 22:22:11', 'mayurcybercz', '2019-03-29', NULL, 'paper', 100, 9, 0, 'pending', 0, 19.876165, 75.343315),
(153, '2019-03-02 22:22:25', 'mayurcybercz', '2019-03-04', NULL, 'plastic', 100, 5, 0, 'pending', 0, 19.876165, 75.343315),
(154, '2019-03-02 22:23:05', 'mayurcybercz', '2019-03-06', NULL, 'plastic', 100, 5, 0, 'pending', 0, 19.876165, 75.343315),
(155, '2019-03-02 22:23:44', 'mayurcybercz', '2019-03-04', NULL, 'plastic', 100, 5, 0, 'pending', 0, 19.876165, 75.343315),
(156, '2019-03-02 22:24:12', 'mayurcybercz', '2019-03-05', NULL, 'plastic', 100, 5, 0, 'pending', 0, 19.876165, 75.343315),
(157, '2019-03-02 22:24:40', 'mayurcybercz', '2019-03-05', NULL, 'plastic', 100, 5, 0, 'pending', 0, 19.876165, 75.343315),
(158, '2019-03-02 22:25:10', 'mayurcybercz', '2019-03-05', NULL, 'plastic', 100, 5, 0, 'pending', 0, 19.876165, 75.343315),
(159, '2019-03-02 22:26:02', 'mayurcybercz', '2019-03-20', NULL, 'paper', 200, 9, 0, 'pending', 0, 19.876165, 75.343315),
(160, '2019-03-02 22:27:22', 'mayurcybercz', '2019-03-13', NULL, 'plastic', 100, 4, 0, 'pending', 0, 19.876165, 75.343315),
(161, '2019-03-02 22:28:44', 'mayurcybercz', '2019-03-04', NULL, 'plastic', 100, 3, 0, 'pending', 0, 19.876165, 75.343315),
(162, '2019-03-03 03:01:54', 'mayurcybercz', '2019-03-05', '2019-03-09', 'plastic', 100, 5, 0, 'pending', 0, 19.876165, 75.343315),
(163, '2019-03-03 03:02:58', 'mayurcybercz', '2019-03-28', '2019-03-14', 'plastic', 100, 4, 0, 'pending', 0, 19.876165, 75.343315),
(164, '2019-03-02 22:29:45', 'mayurcybercz', '2019-03-05', NULL, 'plastic', 100, 6, 0, 'pending', 0, 19.876165, 75.343315),
(165, '2019-03-02 22:30:06', 'mayurcybercz', '2019-03-05', NULL, 'plastic', 100, 6, 0, 'pending', 0, 19.876165, 75.343315),
(166, '2019-03-02 22:30:35', 'mayurcybercz', '2019-03-12', NULL, 'plastic', 100, 9, 0, 'pending', 0, 19.876165, 75.343315),
(167, '2019-03-02 22:30:49', 'tejya', '2019-03-26', NULL, 'plastic', 100, 3, 0, 'pending', 0, 19.876165, 75.343315),
(168, '2019-03-02 22:30:52', 'mayurcybercz', '2019-03-05', NULL, 'plastic', 100, 5, 0, 'pending', 0, 19.876165, 75.343315),
(169, '2019-03-02 22:31:11', 'mayurcybercz', '2019-03-05', NULL, 'plastic', 100, 6, 0, 'pending', 0, 19.876165, 75.343315),
(170, '2019-03-02 22:31:28', 'mayurcybercz', '2019-03-05', NULL, 'plastic', 100, 6, 0, 'pending', 0, 19.876165, 75.343315),
(171, '2019-03-02 22:32:43', 'mayurcybercz', '2019-03-04', NULL, 'plastic', 100, 5, 0, 'pending', 0, 19.876165, 75.343315),
(172, '2019-03-02 22:32:45', 'akash', '2019-03-24', NULL, 'plastic', 100, 2, 0, 'pending', 0, 19.876165, 75.343315),
(173, '2019-03-02 22:33:11', 'mayurcybercz', '2019-03-05', NULL, 'plastic', 100, 5, 0, 'pending', 0, 19.876165, 75.343315),
(174, '2019-03-02 22:35:19', 'mayurcybercz', '2019-03-28', NULL, 'plastic', 100, 9, 0, 'pending', 0, 19.876165, 75.343315),
(175, '2019-03-03 04:06:02', 'mayurcybercz', '2019-03-12', '2019-03-08', 'paper', 100, 2, 0, 'pending', 0, 13.082680, 80.270721),
(176, '2019-03-03 04:19:09', 'mayurcybercz', '2019-03-07', '2019-03-07', 'plastic', 100, 5, 0, 'pending', 0, 13.082680, 80.270721),
(177, '2019-03-03 00:00:59', 'akash', '2019-03-15', NULL, 'plastic', 100, 6, 0, 'pending', 0, 19.876165, 75.343315),
(178, '2019-03-03 00:19:11', 'mayurcybercz', '2019-03-08', NULL, 'paper', 200, 9, 0, 'pending', 0, 13.082680, 80.270721),
(179, '2019-03-03 04:54:25', 'mayurcybercz', '2019-03-05', '2019-03-14', 'plastic', 100, 4, 0, 'pending', 0, 19.876165, 75.343315),
(180, '2019-03-03 08:58:50', 'mayurcybercz', '2019-03-12', '2019-03-22', 'paper', 200, 2, 0, 'pending', 0, 13.082680, 80.270721),
(181, '2019-03-03 05:04:44', 'mayurcybercz', '2019-03-05', NULL, 'plastic', 100, 2, 0, 'pending', 0, 19.876165, 75.343315),
(182, '2019-03-03 05:06:23', 'mayurcybercz', '2019-03-24', NULL, 'plastic', 100, 2, 0, 'pending', 0, 10.790483, 78.704674),
(183, '2019-03-03 05:07:12', 'mayurcybercz', '2019-02-27', NULL, 'plastic', 100, 22, 0, 'pending', 0, 19.876165, 75.343315),
(184, '2019-03-03 05:08:07', 'mayurcybercz', '2019-03-05', NULL, 'plastic', 100, 5, 0, 'pending', 0, 19.876165, 75.343315),
(185, '2019-03-03 05:08:38', 'mayurcybercz', '2019-03-05', NULL, 'plastic', 100, 5, 0, 'pending', 0, 19.876165, 75.343315),
(186, '2019-03-03 09:40:04', 'mayurcybercz', '2019-03-04', '2019-03-06', 'paper', 100, 3, 0, 'pending', 0, 19.876165, 75.343315),
(187, '2019-03-03 06:30:56', 'mayurcybercz', '2019-03-20', NULL, 'plastic', 100, 4, 0, 'pending', 0, 19.876165, 75.343315),
(188, '2019-03-02 21:00:26', 'mayurcybercz', '2019-03-05', NULL, 'plastic', 100, 5, 0, 'pending', 0, 19.876165, 75.343315);

-- --------------------------------------------------------

--
-- Table structure for table `rate_details`
--

CREATE TABLE `rate_details` (
  `typeofwaste` varchar(15) DEFAULT NULL,
  `rate` int(5) DEFAULT NULL
) ENGINE=InnoDB DEFAULT CHARSET=latin1;

--
-- Dumping data for table `rate_details`
--

INSERT INTO `rate_details` (`typeofwaste`, `rate`) VALUES
('plastic', 1),
('paper', 1);

-- --------------------------------------------------------

--
-- Table structure for table `segregation`
--

CREATE TABLE `segregation` (
  `sr` int(11) NOT NULL,
  `imgname` varchar(255) DEFAULT NULL,
  `lat` float DEFAULT NULL,
  `lng` float DEFAULT NULL,
  `ward` varchar(255) DEFAULT NULL
) ENGINE=InnoDB DEFAULT CHARSET=latin1;

--
-- Dumping data for table `segregation`
--

INSERT INTO `segregation` (`sr`, `imgname`, `lat`, `lng`, `ward`) VALUES
(1, 'sone', 1.2, 2.4, 'A'),
(2, './segregation_uploads/one.png', 19.8683, 75.3239, 'A'),
(3, 'Array', 19.8683, 75.3239, 'A'),
(4, 'logo.png', 19.8683, 75.3239, 'A'),
(5, 'one.png', 19.8683, 75.3239, 'F'),
(6, 'lewis.png', 19.8683, 75.3239, 'F');

-- --------------------------------------------------------

--
-- Table structure for table `test`
--

CREATE TABLE `test` (
  `uid` varchar(50) NOT NULL,
  `pass` varchar(50) NOT NULL
) ENGINE=InnoDB DEFAULT CHARSET=latin1;

--
-- Dumping data for table `test`
--

INSERT INTO `test` (`uid`, `pass`) VALUES
('mayur', 'password'),
('mayur2', 'password2');

-- --------------------------------------------------------

--
-- Table structure for table `typeofwaste`
--

CREATE TABLE `typeofwaste` (
  `sr` int(11) NOT NULL,
  `animal` int(11) DEFAULT NULL,
  `ewaste` int(11) DEFAULT NULL,
  `fiber` int(11) DEFAULT NULL,
  `food` int(11) DEFAULT NULL,
  `liquid` int(11) DEFAULT NULL,
  `paper` int(11) DEFAULT NULL,
  `plastic` int(11) DEFAULT NULL,
  `metal` int(11) DEFAULT NULL
) ENGINE=InnoDB DEFAULT CHARSET=latin1;

--
-- Dumping data for table `typeofwaste`
--

INSERT INTO `typeofwaste` (`sr`, `animal`, `ewaste`, `fiber`, `food`, `liquid`, `paper`, `plastic`, `metal`) VALUES
(1, 0, 1, 0, 1, 1, 0, 1, 1),
(2, 0, 0, 0, 1, 0, 1, 0, 1),
(3, 0, 0, 0, 1, 0, 0, 0, 0),
(4, 1, 0, 0, 1, 1, 1, 1, 1),
(5, 0, 1, 0, 1, 0, 0, 0, 1),
(6, 0, 1, 0, 1, 0, 1, 1, 1),
(7, 0, 0, 0, 1, 0, 0, 1, 0),
(8, 0, 0, 0, 1, 0, 0, 1, 1),
(9, 0, 0, 0, 1, 0, 0, 1, 1),
(10, 0, 0, 0, 1, 0, 0, 1, 1),
(11, 0, 1, 0, 1, 0, 1, 1, 1),
(12, 0, 0, 0, 1, 0, 1, 1, 1),
(13, 0, 1, 0, 0, 0, 0, 1, 1),
(14, 0, 1, 1, 1, 0, 0, 1, 1),
(15, 1, 1, 1, 1, 1, 1, 1, 1),
(16, 0, 1, 0, 0, 1, 0, 1, 1),
(17, 0, 0, 1, 1, 1, 1, 1, 1),
(18, 0, 0, 0, 1, 0, 0, 1, 0),
(19, 1, 0, 0, 1, 0, 1, 1, 1),
(20, 0, 0, 0, 1, 0, 0, 1, 1),
(21, 0, 0, 0, 1, 0, 0, 1, 1),
(22, 0, 0, 0, 1, 0, 1, 1, 1),
(23, 0, 0, 0, 1, 1, 1, 1, 1),
(24, 0, 0, 0, 1, 0, 1, 1, 1),
(25, 0, 0, 0, 1, 0, 0, 1, 0),
(26, 0, 1, 1, 1, 1, 1, 1, 1),
(27, 0, 1, 1, 1, 1, 1, 1, 1),
(28, 0, 0, 0, 1, 0, 0, 1, 0),
(29, 0, 1, 0, 1, 0, 0, 1, 1),
(30, 0, 0, 1, 1, 0, 1, 1, 1),
(31, 0, 0, 0, 1, 0, 1, 1, 1),
(33, 0, 0, 0, 1, 0, 0, 0, 1),
(34, 0, 1, 1, 1, 0, 0, 1, 1),
(35, 0, 0, 1, 1, 0, 1, 1, 1),
(36, 0, 0, 0, 1, 1, 1, 1, 1),
(37, 0, 0, 1, 1, 0, 0, 1, 1),
(39, 0, 0, 0, 1, 0, 0, 1, 1),
(40, 0, 0, 0, 1, 0, 1, 1, 1),
(41, 0, 0, 0, 1, 0, 0, 1, 1),
(42, 0, 0, 0, 1, 0, 0, 1, 1),
(43, 0, 0, 0, 1, 0, 0, 1, 1),
(46, 0, 1, 0, 1, 0, 1, 1, 1),
(47, 0, 0, 0, 1, 0, 1, 1, 1),
(48, 0, 0, 0, 1, 0, 0, 1, 1),
(49, 0, 0, 0, 1, 0, 1, 0, 1),
(50, 0, 0, 0, 1, 0, 1, 1, 1),
(51, 0, 1, 0, 1, 0, 0, 1, 1),
(52, 1, 1, 0, 1, 1, 1, 1, 1),
(53, 0, 0, 0, 1, 0, 1, 1, 1),
(54, 0, 0, 0, 1, 0, 1, 1, 1),
(55, 0, 0, 1, 1, 1, 1, 1, 1),
(56, 0, 0, 0, 0, 0, 0, 1, 1),
(57, 0, 0, 0, 1, 0, 0, 1, 0),
(58, 1, 0, 0, 1, 0, 0, 0, 1),
(59, 0, 0, 0, 0, 0, 0, 1, 1),
(60, 0, 0, 1, 0, 0, 1, 1, 1),
(61, 0, 0, 0, 1, 0, 0, 0, 1),
(62, 0, 0, 0, 1, 0, 0, 1, 1),
(63, 0, 0, 0, 1, 0, 0, 1, 1),
(64, 0, 0, 0, 1, 0, 1, 1, 0),
(65, 0, 1, 1, 1, 1, 1, 1, 1),
(66, 0, 0, 0, 1, 0, 0, 1, 1),
(67, 0, 1, 0, 1, 1, 0, 1, 1),
(68, 0, 1, 0, 1, 1, 0, 0, 1),
(69, 0, 0, 0, 1, 0, 1, 1, 1),
(70, 0, 1, 0, 1, 0, 1, 1, 0),
(71, 0, 1, 0, 1, 0, 0, 0, 1),
(72, 0, 0, 0, 1, 1, 1, 0, 1),
(73, 1, 0, 0, 1, 0, 0, 1, 1),
(74, 0, 0, 0, 1, 0, 0, 1, 1),
(75, 0, 0, 0, 1, 0, 1, 1, 1),
(76, 0, 0, 1, 1, 1, 1, 1, 1),
(77, 0, 0, 0, 0, 0, 0, 1, 0),
(78, 0, 1, 0, 1, 0, 0, 1, 1),
(79, 0, 0, 0, 0, 0, 0, 0, 0),
(80, 0, 0, 0, 1, 0, 1, 0, 0),
(81, 0, 0, 0, 0, 0, 0, 1, 1),
(82, 0, 0, 0, 0, 0, 0, 1, 0),
(83, 0, 0, 0, 1, 0, 0, 1, 1),
(84, 0, 0, 1, 0, 0, 0, 0, 1),
(85, 0, 0, 0, 1, 0, 1, 1, 1),
(86, 0, 1, 0, 1, 0, 0, 1, 1),
(87, 0, 1, 0, 1, 0, 0, 1, 1),
(88, 0, 0, 0, 1, 1, 0, 1, 1),
(89, 0, 0, 1, 1, 0, 0, 1, 1),
(90, 0, 0, 0, 1, 0, 0, 1, 1),
(91, 0, 0, 0, 1, 0, 0, 1, 1),
(92, 0, 0, 0, 1, 0, 0, 1, 1),
(93, 0, 0, 0, 1, 0, 0, 1, 1),
(94, 0, 1, 0, 1, 0, 1, 1, 1),
(95, 0, 0, 0, 1, 0, 0, 1, 1),
(96, 0, 1, 0, 1, 0, 0, 1, 1),
(97, 0, 0, 0, 1, 0, 0, 0, 1),
(98, 1, 1, 1, 1, 1, 1, 1, 1),
(99, 0, 1, 0, 1, 0, 1, 1, 1),
(100, 0, 0, 0, 1, 0, 0, 0, 0),
(101, 0, 0, 0, 1, 0, 0, 1, 1),
(102, 1, 1, 1, 1, 1, 1, 1, 1),
(103, 0, 0, 0, 1, 0, 0, 1, 0),
(104, 0, 1, 1, 1, 1, 0, 1, 1),
(105, 0, 1, 1, 1, 1, 0, 1, 1),
(106, 0, 0, 1, 1, 1, 0, 1, 1),
(107, 0, 0, 0, 1, 0, 0, 1, 1),
(108, 0, 0, 0, 1, 0, 1, 1, 1),
(109, 0, 0, 0, 1, 0, 1, 0, 1),
(110, 0, 1, 0, 1, 1, 1, 0, 1),
(111, 1, 0, 0, 1, 0, 1, 0, 1),
(112, 0, 0, 1, 1, 1, 1, 1, 1),
(113, 0, 0, 0, 1, 0, 0, 1, 1),
(114, 0, 0, 0, 1, 0, 0, 1, 1),
(115, 0, 0, 1, 1, 0, 0, 0, 1),
(116, 0, 0, 1, 1, 0, 1, 1, 1),
(117, 0, 0, 1, 0, 0, 1, 1, 1),
(118, 0, 0, 0, 1, 0, 0, 1, 1),
(119, 0, 1, 0, 0, 1, 0, 0, 1),
(120, 0, 1, 0, 1, 1, 0, 1, 1),
(121, 0, 1, 1, 1, 1, 0, 1, 1),
(122, 0, 0, 0, 0, 0, 1, 1, 0),
(123, 0, 0, 0, 1, 0, 0, 1, 0),
(124, 0, 1, 1, 1, 1, 1, 1, 1),
(125, 0, 0, 1, 0, 1, 1, 1, 0),
(126, 0, 0, 0, 0, 0, 0, 1, 0),
(127, 1, 1, 1, 1, 1, 1, 1, 1),
(128, 0, 0, 0, 1, 0, 1, 1, 1),
(129, 0, 0, 0, 1, 0, 0, 1, 0),
(130, 0, 0, 0, 1, 0, 1, 1, 0),
(131, 0, 0, 0, 1, 0, 1, 1, 1),
(132, 0, 1, 0, 1, 1, 1, 1, 1),
(133, 0, 0, 0, 1, 0, 1, 1, 1),
(134, 0, 0, 0, 0, 0, 0, 1, 1),
(135, 0, 0, 0, 1, 0, 0, 1, 1),
(136, 0, 0, 1, 0, 1, 0, 0, 1),
(137, 0, 1, 1, 1, 1, 1, 1, 1),
(138, 0, 0, 1, 1, 1, 1, 1, 1),
(139, 0, 0, 1, 1, 1, 1, 1, 1),
(140, 1, 1, 0, 1, 0, 1, 1, 1),
(141, 0, 1, 0, 1, 0, 1, 1, 0),
(142, 0, 0, 0, 1, 1, 1, 1, 1),
(143, 1, 0, 0, 1, 0, 1, 1, 1),
(144, 0, 0, 1, 1, 0, 1, 0, 1),
(145, 0, 0, 1, 1, 0, 0, 1, 1),
(146, 0, 0, 0, 1, 0, 1, 1, 1),
(147, 0, 0, 0, 1, 0, 0, 1, 1),
(148, 0, 0, 0, 1, 0, 1, 1, 1),
(149, 0, 0, 0, 1, 0, 0, 1, 1),
(150, 0, 0, 0, 1, 0, 0, 0, 1),
(151, 0, 0, 0, 1, 0, 0, 0, 0),
(152, 0, 0, 1, 1, 0, 1, 1, 1),
(153, 0, 0, 0, 1, 0, 1, 1, 1),
(154, 0, 0, 1, 1, 0, 1, 1, 1),
(155, 0, 0, 0, 0, 0, 0, 0, 1),
(156, 0, 0, 0, 0, 0, 0, 1, 0),
(157, 1, 0, 0, 1, 0, 1, 1, 1),
(158, 0, 0, 0, 1, 0, 1, 1, 1),
(159, 0, 1, 1, 1, 1, 1, 1, 1),
(160, 0, 0, 0, 1, 0, 0, 1, 1),
(161, 0, 1, 1, 1, 0, 1, 1, 1),
(162, 0, 0, 1, 1, 1, 1, 1, 1),
(163, 0, 0, 0, 1, 0, 0, 1, 0),
(164, 0, 0, 0, 1, 1, 1, 1, 1),
(165, 0, 0, 0, 1, 1, 1, 1, 1),
(166, 0, 0, 0, 1, 0, 1, 1, 1),
(167, 0, 0, 0, 1, 0, 1, 1, 1),
(168, 0, 1, 0, 1, 0, 0, 1, 1),
(169, 1, 0, 0, 1, 0, 1, 1, 1),
(170, 0, 0, 0, 1, 0, 1, 1, 0),
(171, 0, 0, 0, 1, 0, 0, 1, 0),
(172, 0, 0, 0, 0, 0, 0, 1, 0),
(173, 0, 0, 0, 1, 0, 1, 0, 1),
(174, 0, 0, 0, 0, 0, 0, 0, 0),
(175, 0, 0, 0, 1, 1, 0, 1, 1),
(176, 0, 0, 0, 1, 0, 0, 1, 1),
(177, 0, 1, 1, 1, 1, 1, 1, 1),
(178, 0, 1, 0, 1, 0, 1, 1, 1),
(179, 0, 1, 0, 1, 0, 1, 1, 1),
(180, 1, 0, 0, 1, 0, 1, 1, 1),
(181, 0, 0, 0, 1, 0, 0, 1, 0),
(182, 0, 0, 1, 1, 1, 0, 0, 1),
(183, 0, 0, 0, 1, 0, 0, 1, 1),
(184, 0, 0, 0, 1, 0, 0, 0, 0),
(185, 0, 0, 0, 1, 0, 0, 0, 0),
(186, 0, 1, 1, 1, 1, 1, 1, 1),
(187, 0, 0, 0, 1, 0, 0, 0, 0),
(188, 0, 0, 0, 1, 0, 1, 0, 1),
(189, 0, 0, 0, 1, 0, 0, 0, 1),
(190, 0, 0, 0, 1, 0, 1, 1, 1),
(191, 0, 0, 0, 1, 0, 0, 1, 0),
(192, 0, 0, 0, 1, 0, 0, 1, 0),
(193, 0, 1, 0, 1, 1, 1, 1, 1),
(194, 0, 0, 0, 1, 0, 1, 0, 1),
(195, 0, 0, 0, 1, 0, 1, 0, 1),
(196, 0, 0, 0, 1, 0, 1, 0, 1),
(197, 0, 1, 0, 1, 0, 0, 1, 0),
(198, 0, 0, 0, 1, 0, 1, 0, 1),
(199, 0, 0, 0, 1, 0, 0, 0, 0),
(200, 0, 0, 0, 1, 0, 0, 1, 1),
(201, 0, 0, 0, 1, 0, 1, 1, 1),
(202, 0, 0, 0, 1, 0, 1, 1, 1),
(203, 0, 0, 0, 1, 0, 0, 1, 1),
(204, 0, 1, 0, 1, 0, 1, 0, 1),
(205, 0, 1, 1, 0, 0, 0, 1, 1),
(206, 0, 0, 0, 1, 0, 0, 1, 1),
(207, 0, 1, 1, 1, 1, 1, 1, 1),
(208, 0, 0, 0, 1, 1, 0, 1, 1),
(209, 0, 0, 0, 1, 0, 0, 1, 1),
(210, 0, 0, 0, 1, 0, 0, 1, 1),
(211, 0, 0, 1, 1, 0, 1, 1, 1),
(212, 0, 0, 0, 1, 0, 0, 1, 1),
(213, 0, 0, 0, 1, 0, 0, 1, 1),
(214, 0, 0, 0, 1, 0, 0, 1, 1),
(215, 0, 0, 1, 1, 1, 1, 1, 1),
(216, 0, 0, 0, 0, 0, 0, 1, 0),
(217, 0, 0, 0, 1, 0, 1, 1, 1),
(218, 0, 0, 0, 1, 0, 0, 1, 1),
(219, 0, 0, 0, 1, 0, 0, 1, 0),
(220, 0, 0, 1, 1, 0, 0, 1, 1),
(221, 0, 0, 0, 1, 0, 1, 1, 1),
(222, 0, 1, 0, 1, 0, 0, 1, 1),
(223, 0, 0, 0, 1, 0, 0, 0, 0),
(224, 0, 0, 0, 1, 0, 1, 1, 1),
(225, 0, 1, 1, 1, 1, 1, 1, 1),
(226, 0, 0, 1, 1, 0, 0, 1, 1),
(227, 0, 0, 0, 0, 0, 0, 1, 1),
(228, 0, 0, 0, 1, 1, 1, 1, 1),
(229, 0, 0, 0, 1, 0, 0, 1, 1),
(230, 0, 0, 0, 1, 0, 0, 0, 0),
(231, 0, 0, 0, 0, 0, 0, 1, 1),
(232, 0, 0, 0, 1, 0, 1, 1, 1),
(233, 0, 0, 0, 0, 0, 0, 1, 0),
(234, 0, 0, 0, 1, 0, 0, 1, 1),
(235, 0, 0, 0, 1, 0, 0, 1, 1),
(236, 0, 1, 0, 1, 1, 0, 1, 1),
(237, 0, 1, 0, 1, 0, 0, 1, 1),
(238, 0, 0, 0, 1, 0, 0, 1, 0),
(239, 0, 0, 0, 1, 0, 0, 1, 1),
(240, 0, 0, 0, 1, 0, 0, 1, 1),
(241, 0, 1, 0, 1, 0, 0, 1, 0),
(242, 0, 0, 1, 1, 0, 1, 0, 1),
(243, 0, 0, 1, 1, 1, 1, 1, 1),
(244, 0, 0, 0, 1, 0, 0, 1, 1),
(245, 0, 0, 0, 1, 0, 0, 1, 1),
(246, 0, 0, 1, 1, 0, 0, 1, 1),
(247, 0, 0, 1, 1, 0, 0, 1, 1),
(248, 0, 0, 0, 1, 0, 0, 0, 1),
(249, 0, 0, 0, 0, 0, 0, 1, 1),
(250, 0, 0, 0, 1, 0, 0, 1, 0),
(251, 0, 0, 0, 1, 0, 1, 0, 1),
(252, 0, 0, 0, 1, 0, 0, 1, 0),
(253, 0, 0, 1, 1, 1, 0, 1, 1),
(254, 0, 0, 1, 1, 1, 1, 1, 1),
(255, 0, 0, 1, 1, 1, 1, 1, 1),
(256, 0, 0, 0, 1, 0, 0, 1, 1),
(257, 0, 0, 0, 1, 0, 0, 1, 0),
(258, 0, 0, 0, 0, 0, 1, 0, 0),
(259, 0, 0, 0, 0, 1, 0, 1, 1),
(260, 0, 0, 1, 1, 1, 0, 1, 0),
(261, 0, 0, 0, 0, 0, 0, 1, 0),
(262, 0, 0, 0, 0, 1, 0, 0, 0),
(263, 0, 0, 0, 1, 1, 1, 1, 1),
(264, 0, 0, 0, 1, 1, 1, 1, 1),
(265, 0, 0, 0, 0, 0, 1, 0, 0),
(266, 0, 0, 1, 1, 0, 0, 0, 0),
(267, 0, 0, 0, 0, 0, 0, 0, 1),
(268, 0, 0, 0, 0, 0, 0, 1, 1),
(269, 0, 0, 0, 0, 0, 1, 1, 1),
(270, 0, 1, 1, 1, 1, 1, 1, 1),
(271, 0, 0, 0, 1, 0, 0, 1, 0),
(272, 0, 0, 0, 0, 0, 0, 1, 0),
(273, 0, 0, 0, 1, 0, 0, 1, 0),
(274, 0, 1, 1, 1, 1, 1, 1, 1),
(275, 0, 0, 0, 1, 0, 0, 1, 1),
(276, 0, 0, 0, 1, 0, 0, 1, 1),
(277, 0, 0, 0, 1, 0, 0, 1, 1),
(278, 0, 0, 0, 1, 0, 0, 1, 1),
(279, 0, 0, 0, 0, 1, 0, 1, 0),
(280, 0, 0, 0, 1, 0, 0, 0, 0),
(281, 0, 0, 0, 1, 0, 1, 0, 0),
(282, 0, 0, 0, 1, 0, 1, 0, 0),
(283, 0, 1, 0, 1, 0, 1, 0, 1);

-- --------------------------------------------------------

--
-- Table structure for table `user`
--

CREATE TABLE `user` (
  `user_firstname` varchar(30) DEFAULT NULL,
  `user_lastname` varchar(30) DEFAULT NULL,
  `user_email` varchar(30) DEFAULT NULL,
  `user_mobile` int(11) DEFAULT NULL,
  `user_uid` varchar(30) DEFAULT NULL,
  `user_pwd` varchar(30) DEFAULT NULL,
  `wallet_money` int(11) DEFAULT '0'
) ENGINE=InnoDB DEFAULT CHARSET=latin1;

--
-- Dumping data for table `user`
--

INSERT INTO `user` (`user_firstname`, `user_lastname`, `user_email`, `user_mobile`, `user_uid`, `user_pwd`, `wallet_money`) VALUES
('', '', '', 0, '', '$2y$10$u2wt0Z0CfJGiFKTNmBwgAOH', 0),
('', '', '', 0, '', '$2y$10$ZmgjewKnnCL0t3VCdVt4gOe', 0),
('mayur', 'rahangdale', 'rahangdalemayur@gmail.com', 2147483647, 'mayur', '12345', 0),
('', '', '', 0, '', '', 0),
('', 'p', 'p@p.p', 0, 'p', 'p', 0),
('a', 'a', 'a@a.a', 0, 'a', 'a', 0),
('', '', '', 0, 'a', 'a', 0),
('mayur', 'rahangdale', 'cyberczphone@gmail.com', 2147483647, 'cybercz', '12345', 0),
('a', 'a', 'aa', 0, 'cybercz', '12345', 0),
('mayur', 'rahangdale', 'cyberczphone@gmail.com', 2147483647, 'cybercz', '12345', 0),
('mayur', 'rahangdale', 'cyberczphone@gmail.com', 2147483647, 'cybercz', '12345', 0),
('mayur', 'rahangdale', 'cyberczphone@gmail.com', 2147483647, 'cybercz', '12345', 0),
('mayur', 'rahangdale', 'cyberczphone@gmail.com', 2147483647, 'cybercz', '12345', 0),
('mayur', 'rahangdale', 'cyberczphone@gmail.com', 2147483647, 'cybercz12', '12345', 0),
('mayur', 'rahangdale', 'cyberczphone@gmail.com', 2147483647, 'mayurcybercz', '12345', 0),
('Tejas', 'Gaikwad', 'gtejas@gmail.com', 21, 'tejya', 'stark21', 0),
('Akash', 'Timande', 'akash.timande25@gmail.com', 122333, 'akash', '12345', 0);

-- --------------------------------------------------------

--
-- Table structure for table `user_complaints`
--

CREATE TABLE `user_complaints` (
  `user_uid` varchar(20) DEFAULT NULL,
  `orderno` int(11) DEFAULT NULL,
  `complaindate` date DEFAULT NULL,
  `complain` varchar(100) DEFAULT NULL
) ENGINE=InnoDB DEFAULT CHARSET=latin1;

--
-- Dumping data for table `user_complaints`
--

INSERT INTO `user_complaints` (`user_uid`, `orderno`, `complaindate`, `complain`) VALUES
('akash', 1, '1111-11-11', 'asdfg'),
('a2904', 2, '1111-11-11', 'asdfg'),
('tejya', 21, '1111-11-11', 'received?'),
('tejya', 111, '2019-11-11', 'received?'),
('tejya', 128, '2019-02-02', 'collect request not sent'),
('tejya', 130, '1998-10-25', 'DS'),
('tejya', 120, '1998-02-02', 'qwer'),
('mayurcybercz', 105, '2019-03-07', 'abcdef'),
('mayurcybercz', 180, '2019-03-03', 'Order not reached yet'),
('superuser', 179, '2019-03-26', 'received'),
('superuser', 179, '2019-03-05', 'received'),
('mayurcybercz', 186, '2019-03-04', 'Dustbin Has not been Collected due date');

-- --------------------------------------------------------

--
-- Table structure for table `user_notifications`
--

CREATE TABLE `user_notifications` (
  `user_uid` varchar(30) DEFAULT NULL,
  `orderno` int(11) DEFAULT NULL,
  `notifydate` date DEFAULT NULL,
  `notification` varchar(500) DEFAULT NULL,
  `orderstatus` varchar(30) DEFAULT NULL
) ENGINE=InnoDB DEFAULT CHARSET=latin1;

--
-- Dumping data for table `user_notifications`
--

INSERT INTO `user_notifications` (`user_uid`, `orderno`, `notifydate`, `notification`, `orderstatus`) VALUES
('mayurcybercz', 1, '2019-02-18', 'this is first notification', 'pending'),
('akash', 2, '2019-02-16', 'this is first notification', 'success'),
('gauri', 3, '2019-02-14', 'this is first notification', 'failed'),
('cyber', 12, '2019-03-05', 'hello', 'failed'),
('akash', 5, '1111-11-11', 'cyberczphone@gmail.com', 'pending'),
('mayurcybercz', 123, '2019-11-12', 'hello', 'success'),
('tejya', 21, '1998-02-25', 'delivered', 'pending'),
('akash', 1, '1111-11-11', 'delivered distbin', 'success'),
('mayurcybercz', 25, '1111-11-11', 'order pending.', 'pending'),
('tejya', 234, '1111-11-11', 'delivered', 'success');

-- --------------------------------------------------------

--
-- Table structure for table `ward_details`
--

CREATE TABLE `ward_details` (
  `sr` int(5) DEFAULT NULL,
  `ward` varchar(20) DEFAULT NULL,
  `zone` varchar(20) DEFAULT NULL,
  `households` int(10) DEFAULT NULL,
  `population` int(10) DEFAULT NULL,
  `Area` float DEFAULT NULL,
  `lat` float(10,6) DEFAULT NULL,
  `lng` float(10,6) DEFAULT NULL
) ENGINE=InnoDB DEFAULT CHARSET=latin1;

--
-- Dumping data for table `ward_details`
--

INSERT INTO `ward_details` (`sr`, `ward`, `zone`, `households`, `population`, `Area`, `lat`, `lng`) VALUES
(1, 'A ', 'Zone 1', 414, 210926, 0, 18.968760, 72.834373),
(2, 'B', 'Zone 1', 385, 140480, 2.47, 18.961668, 72.833275),
(3, 'C ', 'Zone 1', 296, 190670, 1.78, 19.173470, 72.878036),
(4, 'D', 'Zone 1', 2108, 378610, 6.63, 18.976383, 72.810013),
(5, 'E ', 'Zone 1', 311, 439390, 7.4, 18.977175, 72.831116),
(6, 'F North', 'Zone 2', 169, 430406, 12.98, 19.029804, 72.854691),
(7, 'F South', 'Zone 2', 333, 417551, 14, 19.006176, 72.839706),
(8, 'G North', 'Zone 2', 398, 537032, 9.07, 19.023489, 72.843483),
(9, 'G South', 'Zone 2', 247, 516552, 10, 19.008669, 72.830406),
(10, 'H East', 'Zone 3', 159, 478413, 18.53, 19.090349, 72.846558),
(11, 'H West', 'Zone 3', 217, 322141, 11.55, 19.065357, 72.836922),
(12, 'K East', 'Zone 3', 0, 691000, 23.39, 19.153681, 72.852013),
(13, 'K West', 'Zone 3', 283, 559283, 19.13, 19.166971, 72.847549),
(14, 'P North', 'Zone 4', 216, 364469, 24.44, 19.188049, 72.842308),
(15, 'P South', 'Zone 4', 187, 681377, 50, 19.162903, 72.846504),
(16, 'L', 'Zone 5', 256, 892278, 13.46, 19.070681, 72.879051),
(17, 'M East', 'Zone 5', 2270, 806433, 32.5, 19.056925, 72.920654),
(18, 'M West', 'Zone 5', 0, 413727, 19.37, 19.061401, 72.899399),
(19, 'N', 'Zone 6', 209, 510708, 39, 19.084347, 72.906464),
(20, 'S', 'Zone 6', 159, 567597, 64, 19.153080, 72.930542),
(21, 'T', 'Zone 6', 179, 288158, 45.41, 19.176001, 72.950966);

--
-- Indexes for dumped tables
--

--
-- Indexes for table `dustbin_location`
--
ALTER TABLE `dustbin_location`
  ADD PRIMARY KEY (`sr`);

--
-- Indexes for table `futuredustbin_location`
--
ALTER TABLE `futuredustbin_location`
  ADD PRIMARY KEY (`sr`);

--
-- Indexes for table `landfill`
--
ALTER TABLE `landfill`
  ADD PRIMARY KEY (`sr`);

--
-- Indexes for table `order_details`
--
ALTER TABLE `order_details`
  ADD PRIMARY KEY (`orderno`);

--
-- Indexes for table `segregation`
--
ALTER TABLE `segregation`
  ADD PRIMARY KEY (`sr`);

--
-- Indexes for table `typeofwaste`
--
ALTER TABLE `typeofwaste`
  ADD PRIMARY KEY (`sr`);

--
-- AUTO_INCREMENT for dumped tables
--

--
-- AUTO_INCREMENT for table `dustbin_location`
--
ALTER TABLE `dustbin_location`
  MODIFY `sr` int(11) NOT NULL AUTO_INCREMENT, AUTO_INCREMENT=72;

--
-- AUTO_INCREMENT for table `futuredustbin_location`
--
ALTER TABLE `futuredustbin_location`
  MODIFY `sr` int(11) NOT NULL AUTO_INCREMENT, AUTO_INCREMENT=16;

--
-- AUTO_INCREMENT for table `landfill`
--
ALTER TABLE `landfill`
  MODIFY `sr` int(11) NOT NULL AUTO_INCREMENT, AUTO_INCREMENT=280;

--
-- AUTO_INCREMENT for table `order_details`
--
ALTER TABLE `order_details`
  MODIFY `orderno` int(11) NOT NULL AUTO_INCREMENT, AUTO_INCREMENT=189;

--
-- AUTO_INCREMENT for table `segregation`
--
ALTER TABLE `segregation`
  MODIFY `sr` int(11) NOT NULL AUTO_INCREMENT, AUTO_INCREMENT=7;

--
-- AUTO_INCREMENT for table `typeofwaste`
--
ALTER TABLE `typeofwaste`
  MODIFY `sr` int(11) NOT NULL AUTO_INCREMENT, AUTO_INCREMENT=284;
COMMIT;

/*!40101 SET CHARACTER_SET_CLIENT=@OLD_CHARACTER_SET_CLIENT */;
/*!40101 SET CHARACTER_SET_RESULTS=@OLD_CHARACTER_SET_RESULTS */;
/*!40101 SET COLLATION_CONNECTION=@OLD_COLLATION_CONNECTION */;
